INSERT INTO film (id, name, duration) VALUES (1, 'Флешбек', '01:54:00');
INSERT INTO film (id, name, duration) VALUES (2, 'Грешное тело', '01:24:00');
INSERT INTO film (id, name, duration) VALUES (3, 'Волк с Уолл-стрит', '03:05:00');

INSERT INTO customer (id, phone) VALUES (1, '123478217');
INSERT INTO customer (id, phone) VALUES (2, '12536218');
INSERT INTO customer (id, phone) VALUES (3, '12342543');
INSERT INTO customer (id, phone) VALUES (4, '345345');
INSERT INTO customer (id, phone) VALUES (5, '12343564');
INSERT INTO customer (id, phone) VALUES (6, '345345');
INSERT INTO customer (id, phone) VALUES (7, '3455467657');
INSERT INTO customer (id, phone) VALUES (8, '35435');
INSERT INTO customer (id, phone) VALUES (9, '345345');
INSERT INTO customer (id, phone) VALUES (10, '345345345');

INSERT INTO hall (id, name) VALUES (1, 'Красный');
INSERT INTO hall (id, name) VALUES (2, 'Зеленый');
INSERT INTO hall (id, name) VALUES (3, 'Синий');

INSERT INTO session (id, film_id, time) VALUES (1, 1, '12:00:00');
INSERT INTO session (id, film_id, time) VALUES (2, 1, '17:24:00');
INSERT INTO session (id, film_id, time) VALUES (3, 1, '22:00:00');
INSERT INTO session (id, film_id, time) VALUES (4, 2, '09:15:00');
INSERT INTO session (id, film_id, time) VALUES (5, 2, '15:20:00');
INSERT INTO session (id, film_id, time) VALUES (6, 2, '12:00:00');
INSERT INTO session (id, film_id, time) VALUES (7, 3, '19:00:00');
INSERT INTO session (id, film_id, time) VALUES (8, 3, '23:15:00');
INSERT INTO session (id, film_id, time) VALUES (9, 3, '10:20:00');
INSERT INTO session (id, film_id, time) VALUES (10, 3, '13:10:00');

INSERT INTO hall_session (session_id, hall_id) VALUES (1, 1);
INSERT INTO hall_session (session_id, hall_id) VALUES (6, 2);
INSERT INTO hall_session (session_id, hall_id) VALUES (7, 3);
INSERT INTO hall_session (session_id, hall_id) VALUES (2, 3);
INSERT INTO hall_session (session_id, hall_id) VALUES (3, 2);
INSERT INTO hall_session (session_id, hall_id) VALUES (8, 1);
INSERT INTO hall_session (session_id, hall_id) VALUES (4, 2);
INSERT INTO hall_session (session_id, hall_id) VALUES (5, 2);

INSERT INTO ticket_type (id, type, price) VALUES (1, 'Утренний', 250);
INSERT INTO ticket_type (id, type, price) VALUES (2, 'Дневной', 350);
INSERT INTO ticket_type (id, type, price) VALUES (3, 'Вечерний', 500);

INSERT INTO place (id, number) VALUES (31, 1);
INSERT INTO place (id, number) VALUES (32, 2);
INSERT INTO place (id, number) VALUES (33, 3);
INSERT INTO place (id, number) VALUES (34, 4);
INSERT INTO place (id, number) VALUES (35, 5);
INSERT INTO place (id, number) VALUES (36, 6);
INSERT INTO place (id, number) VALUES (37, 7);
INSERT INTO place (id, number) VALUES (38, 8);
INSERT INTO place (id, number) VALUES (39, 9);
INSERT INTO place (id, number) VALUES (40, 10);
INSERT INTO place (id, number) VALUES (41, 11);
INSERT INTO place (id, number) VALUES (42, 12);
INSERT INTO place (id, number) VALUES (43, 13);
INSERT INTO place (id, number) VALUES (44, 14);
INSERT INTO place (id, number) VALUES (45, 15);
INSERT INTO place (id, number) VALUES (46, 16);
INSERT INTO place (id, number) VALUES (47, 17);
INSERT INTO place (id, number) VALUES (48, 18);
INSERT INTO place (id, number) VALUES (49, 19);
INSERT INTO place (id, number) VALUES (50, 20);
INSERT INTO place (id, number) VALUES (51, 21);
INSERT INTO place (id, number) VALUES (52, 22);
INSERT INTO place (id, number) VALUES (53, 23);
INSERT INTO place (id, number) VALUES (54, 24);
INSERT INTO place (id, number) VALUES (55, 25);
INSERT INTO place (id, number) VALUES (56, 26);
INSERT INTO place (id, number) VALUES (57, 27);
INSERT INTO place (id, number) VALUES (58, 28);
INSERT INTO place (id, number) VALUES (59, 29);

INSERT INTO row (id, number) VALUES (16, 1);
INSERT INTO row (id, number) VALUES (17, 2);
INSERT INTO row (id, number) VALUES (18, 3);
INSERT INTO row (id, number) VALUES (19, 4);
INSERT INTO row (id, number) VALUES (20, 5);
INSERT INTO row (id, number) VALUES (21, 6);
INSERT INTO row (id, number) VALUES (22, 7);
INSERT INTO row (id, number) VALUES (23, 8);
INSERT INTO row (id, number) VALUES (24, 9);
INSERT INTO row (id, number) VALUES (25, 10);
INSERT INTO row (id, number) VALUES (26, 11);
INSERT INTO row (id, number) VALUES (27, 12);
INSERT INTO row (id, number) VALUES (28, 13);
INSERT INTO row (id, number) VALUES (29, 14);

INSERT INTO ticket (id, session_id, customer_id, ticket_type_id, place_id, row_id) VALUES (1, 1, 1, 2, 3, 5);
INSERT INTO ticket (id, session_id, customer_id, ticket_type_id, place_id, row_id) VALUES (2, 3, 2, 3, 1, 1);
INSERT INTO ticket (id, session_id, customer_id, ticket_type_id, place_id, row_id) VALUES (3, 4, 3, 1, 10, 12);
INSERT INTO ticket (id, session_id, customer_id, ticket_type_id, place_id, row_id) VALUES (4, 10, 4, 2, 15, 5);
INSERT INTO ticket (id, session_id, customer_id, ticket_type_id, place_id, row_id) VALUES (5, 10, 5, 2, 14, 5);
INSERT INTO ticket (id, session_id, customer_id, ticket_type_id, place_id, row_id) VALUES (6, 10, 6, 2, 16, 5);
INSERT INTO ticket (id, session_id, customer_id, ticket_type_id, place_id, row_id) VALUES (7, 7, 7, 3, 2, 3);
INSERT INTO ticket (id, session_id, customer_id, ticket_type_id, place_id, row_id) VALUES (8, 4, 8, 1, 20, 10);
INSERT INTO ticket (id, session_id, customer_id, ticket_type_id, place_id, row_id) VALUES (9, 2, 9, 2, 1, 1);
INSERT INTO ticket (id, session_id, customer_id, ticket_type_id, place_id, row_id) VALUES (10, 8, 10, 3, 10, 3);
